{
  "version": 1,
  "timestamp": "2026-05-06T13:30:56.369Z",
  "machine": {
    "cpu": "AMD Ryzen 9 5900X 12-Core Processor            ",
    "cores": 24,
    "ramMb": 32693,
    "os": "Windows_NT 10.0.26100",
    "nodeVersion": "v24.15.0",
    "chromiumVersion": "147.0.7727.15"
  },
  "componentPath": "./fixtures/static-buttons.tsx",
  "componentName": "StaticButtons",
  "calibration": {
    "totalDuration": 69.338,
    "scriptDuration": 0.608
  },
  "combos": [
    {
      "comboIndex": 0,
      "props": {},
      "mount": {
        "samples": [
          7.1690000000000005,
          7.233999999999999,
          7.725999999999999
        ],
        "median": 7.233999999999999,
        "p95": 7.725999999999999,
        "cv": 3.371208573196196,
        "unstable": false
      },
      "unmount": {
        "samples": [
          2.6039999999999996,
          2.0419999999999994,
          2.849
        ],
        "median": 2.6039999999999996,
        "p95": 2.849,
        "cv": 13.521925315744227,
        "unstable": false
      },
      "rerender": {
        "samples": [
          2.5,
          3.105,
          3.368
        ],
        "median": 3.105,
        "p95": 3.368,
        "cv": 12.150201591275197,
        "unstable": false
      },
      "domNodeCount": 11,
      "heapDelta": -459784,
      "interactions": [
        {
          "selector": "div > button:nth-of-type(2)",
          "type": "click",
          "label": "Two",
          "timing": {
            "samples": [
              82.86700000000015,
              57.55499999999999,
              60.967
            ],
            "median": 60.967,
            "p95": 82.86700000000015,
            "cv": 16.70620097073242,
            "unstable": true
          },
          "relativeTiming": 0.8792725489630506,
          "stressPattern": "rapid-toggle-10"
        },
        {
          "selector": "div > button:nth-of-type(1)",
          "type": "click",
          "label": "One",
          "timing": {
            "samples": [
              55.135000000000026,
              63.31600000000005,
              65.75600000000004
            ],
            "median": 63.31600000000005,
            "p95": 65.75600000000004,
            "cv": 7.397513935188231,
            "unstable": false
          },
          "relativeTiming": 0.9131500764371637,
          "stressPattern": "rapid-toggle-10"
        }
      ],
      "scalingCurve": {
        "slope": 0.28254765833227574,
        "intercept": 3.1192787917248364,
        "r2": 0.9972556918706036,
        "growthClass": "linear"
      },
      "relativeMount": 0.1043295162825579,
      "verdict": "fail",
      "costAttribution": {
        "buckets": [
          {
            "source": "react-dom_client",
            "durationMs": 14.533999999999999,
            "percentage": 92.44958972075568,
            "category": "package"
          },
          {
            "source": "browser",
            "durationMs": 1.187,
            "percentage": 7.550410279244324,
            "category": "browser"
          }
        ],
        "unattributed": 0
      },
      "rerenderScalingCurve": {
        "slope": 0.11218600076151797,
        "intercept": 2.8467699581165133,
        "r2": 0.9481688807684624,
        "growthClass": "linear"
      },
      "tier": "T2",
      "hasAnimation": false,
      "reactOptimizations": {
        "memoBailout": false,
        "contextFanOut": false
      }
    },
    {
      "comboIndex": 1,
      "props": {
        "__120fps_scaleN": 1
      },
      "mount": {
        "samples": [
          5.815,
          6.045000000000001,
          7.154
        ],
        "median": 6.045000000000001,
        "p95": 7.154,
        "cv": 9.223561289577637,
        "unstable": false
      },
      "unmount": {
        "samples": [
          1.631,
          2.3959999999999995,
          1.903
        ],
        "median": 1.903,
        "p95": 2.3959999999999995,
        "cv": 16.018088078238296,
        "unstable": true
      },
      "rerender": {
        "samples": [
          3.324,
          2.502,
          3.3819999999999997
        ],
        "median": 3.324,
        "p95": 3.3819999999999997,
        "cv": 13.092857426574461,
        "unstable": false
      },
      "domNodeCount": 12,
      "heapDelta": 76264,
      "interactions": [],
      "scalingCurve": {
        "slope": 0.28254765833227574,
        "intercept": 3.1192787917248364,
        "r2": 0.9972556918706036,
        "growthClass": "linear"
      },
      "relativeMount": 0.0871816320055381,
      "verdict": "pass",
      "costAttribution": {
        "buckets": [
          {
            "source": "react-dom_client",
            "durationMs": 10.315999999999999,
            "percentage": 90.96199629662287,
            "category": "package"
          },
          {
            "source": "browser",
            "durationMs": 1.025,
            "percentage": 9.038003703377127,
            "category": "browser"
          }
        ],
        "unattributed": 0
      },
      "rerenderScalingCurve": {
        "slope": 0.11218600076151797,
        "intercept": 2.8467699581165133,
        "r2": 0.9481688807684624,
        "growthClass": "linear"
      },
      "tier": "T2",
      "hasAnimation": false,
      "reactOptimizations": {
        "memoBailout": false,
        "contextFanOut": false
      }
    },
    {
      "comboIndex": 2,
      "props": {
        "__120fps_scaleN": 5
      },
      "mount": {
        "samples": [
          10.215000000000002,
          7.954000000000001,
          10.834
        ],
        "median": 10.215000000000002,
        "p95": 10.834,
        "cv": 12.803662063928547,
        "unstable": false
      },
      "unmount": {
        "samples": [
          3.048,
          2.7809999999999997,
          1.7999999999999996
        ],
        "median": 2.7809999999999997,
        "p95": 3.048,
        "cv": 21.099832014291568,
        "unstable": true
      },
      "rerender": {
        "samples": [
          5.695,
          4.632999999999999,
          5.683
        ],
        "median": 5.683,
        "p95": 5.695,
        "cv": 9.327848590681914,
        "unstable": false
      },
      "domNodeCount": 24,
      "heapDelta": 101320,
      "interactions": [],
      "scalingCurve": {
        "slope": 0.28254765833227574,
        "intercept": 3.1192787917248364,
        "r2": 0.9972556918706036,
        "growthClass": "linear"
      },
      "relativeMount": 0.1473218148778448,
      "verdict": "pass",
      "costAttribution": {
        "buckets": [
          {
            "source": "react-dom_client",
            "durationMs": 19.098,
            "percentage": 97.03282186769637,
            "category": "package"
          },
          {
            "source": "browser",
            "durationMs": 0.5840000000000001,
            "percentage": 2.967178132303628,
            "category": "browser"
          }
        ],
        "unattributed": 0
      },
      "rerenderScalingCurve": {
        "slope": 0.11218600076151797,
        "intercept": 2.8467699581165133,
        "r2": 0.9481688807684624,
        "growthClass": "linear"
      },
      "tier": "T2",
      "hasAnimation": false,
      "reactOptimizations": {
        "memoBailout": false,
        "contextFanOut": false
      }
    },
    {
      "comboIndex": 3,
      "props": {
        "__120fps_scaleN": 20
      },
      "mount": {
        "samples": [
          20.975,
          22.238,
          21.247
        ],
        "median": 21.247,
        "p95": 22.238,
        "cv": 2.526002227092253,
        "unstable": false
      },
      "unmount": {
        "samples": [
          2.381,
          2.522,
          2.0919999999999996
        ],
        "median": 2.381,
        "p95": 2.522,
        "cv": 7.6760201967597625,
        "unstable": false
      },
      "rerender": {
        "samples": [
          12.389000000000003,
          14.101000000000003,
          13.396
        ],