{
  "version": 1,
  "timestamp": "2026-05-02T12:29:13.158Z",
  "machine": {
    "cpu": "AMD Ryzen 9 5900X 12-Core Processor            ",
    "cores": 24,
    "ramMb": 32693,
    "os": "Windows_NT 10.0.26100",
    "nodeVersion": "v22.22.2",
    "chromiumVersion": "147.0.7727.15"
  },
  "componentPath": "./fixtures/toggle-button.tsx",
  "componentName": "ToggleButton",
  "calibration": {
    "totalDuration": 48.883,
    "scriptDuration": 0.33999999999999997
  },
  "combos": [
    {
      "comboIndex": 0,
      "props": {},
      "mount": {
        "samples": [
          4.150000000000001,
          3.731,
          3.8970000000000002
        ],
        "median": 3.8970000000000002,
        "p95": 4.150000000000001,
        "cv": 4.388201186341078,
        "unstable": false
      },
      "unmount": {
        "samples": [
          1.238,
          0.835,
          1.0150000000000001
        ],
        "median": 1.0150000000000001,
        "p95": 1.238,
        "cv": 16.013854797153236,
        "unstable": true
      },
      "domNodeCount": 10,
      "heapDelta": -437060,
      "interactions": [
        {
          "selector": "div > button",
          "type": "click",
          "label": "Toggle",
          "timing": {
            "samples": [
              26.429000000000016,
              6.822,
              6.897999999999999
            ],
            "median": 6.897999999999999,
            "p95": 26.429000000000016,
            "cv": 68.93048826681337,
            "unstable": true
          },
          "relativeTiming": 0.14111245218174004
        },
        {
          "selector": "div > button",
          "type": "click",
          "label": "Toggle",
          "timing": {
            "samples": [
              6.0479999999999965,
              5.273999999999998,
              5.065999999999998
            ],
            "median": 5.273999999999998,
            "p95": 6.0479999999999965,
            "cv": 7.734577155347197,
            "unstable": false
          },
          "relativeTiming": 0.10789026860053594
        }
      ],
      "scalingCurve": null,
      "relativeMount": 0.07972096638913324,
      "verdict": "warn"
    }
  ],
  "thresholds": {
    "mountMs": 16,
    "interactionMs": 100,
    "relativeMount": 2
  },
  "pass": true
}