{
  "version": 1,
  "timestamp": "2026-05-02T12:00:16.217Z",
  "machine": {
    "cpu": "AMD Ryzen 9 5900X 12-Core Processor            ",
    "cores": 24,
    "ramMb": 32693,
    "os": "Windows_NT 10.0.26100",
    "nodeVersion": "v22.22.2",
    "chromiumVersion": "147.0.7727.15"
  },
  "componentPath": "./fixtures/static-buttons.tsx",
  "componentName": "StaticButtons",
  "calibration": {
    "totalDuration": 65.231,
    "scriptDuration": 0.535
  },
  "combos": [
    {
      "comboIndex": 0,
      "props": {},
      "mount": {
        "samples": [
          5.1000000000000005,
          4.194999999999999,
          4.283
        ],
        "median": 4.283,
        "p95": 5.1000000000000005,
        "cv": 9.002787318021198,
        "unstable": false
      },
      "unmount": {
        "samples": [
          1.831,
          1.7570000000000001,
          1.3890000000000002
        ],
        "median": 1.7570000000000001,
        "p95": 1.831,
        "cv": 11.65125068854107,
        "unstable": false
      },
      "domNodeCount": 11,
      "heapDelta": 0,
      "interactions": [
        {
          "selector": "div > button:nth-of-type(2)",
          "type": "click",
          "label": "Two",
          "timing": {
            "samples": [
              17.461000000000006,
              7.049999999999998,
              4.980999999999999
            ],
            "median": 7.049999999999998,
            "p95": 17.461000000000006,
            "cv": 55.552457669998546,
            "unstable": true
          },
          "relativeTiming": 0.10807744783921754
        },
        {
          "selector": "div > button:nth-of-type(1)",
          "type": "click",
          "label": "One",
          "timing": {
            "samples": [
              5.482999999999999,
              5.860999999999998,
              5.874999999999998
            ],
            "median": 5.860999999999998,
            "p95": 5.874999999999998,
            "cv": 3.16361078363217,
            "unstable": false
          },
          "relativeTiming": 0.0898499179837807
        }
      ],
      "scalingCurve": null,
      "relativeMount": 0.06565896582913033,
      "verdict": "warn"
    }
  ],
  "thresholds": {
    "mountMs": 16,
    "interactionMs": 100,
    "relativeMount": 2
  },
  "pass": false
}